name,description
Food - Sauces,Ethnic Sauces
Food - Salads,Salad Kits
Books,Arts & Crafts
Clothing - Shirts,Dress Shirts
Kitchen,Coffee Accessories
Food - Meat,Marinated Poultry
Clothing - Tops,Sustainable Fashion
Food - Breakfast,Instant Breakfast
Food - Oils,Oils
Food - Meat,Marinated Poultry
Food - Pasta,Pasta
Food - Condiments,Nut Butters
Outdoor,Outdoor Recreation
Accessories,Eyewear
Pets,Grooming Supplies
Home,Home Furnishings
Food - Soups,Vegetarian Soups
Food - Baking,Mixes
Office,Office Supplies
Food - Snacks,Dried Fruits
Travel,Travel Accessories
Food - Soups,Canned Soups
Office,Furniture
Books,Arts & Crafts
Pets,Training Supplies
Food - Dips,Vegetable Dips
Food - Deli Meats,Deli Meats
Food - Bakery,Breads
Books,Journals
Health,Oral Care & Hygiene
Home,Seasonal Home Decor
Home,Bedding & Linens
Kitchen,Sustainable Tableware
Food - Canned Goods,Sauces & Condiments
Food - Grains,Pasta
Clothing - Accessories,Wallets
Food - Bakery,Cookies
Garden,Garden Tools
Clothing - Accessories,Headwear
Food - Dairy Alternatives,Plant-Based Yogurt
Food - Salads,Ready-to-Eat Salads
Home,Decorative Wall Art & Accessories
Pets,Pet Feeding Supplies
Food - Condiments,Fruit Spreads
Food - Snacks,Healthy Snacks
Food - Salads,Healthy Salads
Food - Meat,Barbecue & Grilled Meats
Food - Dairy,Dairy Alternatives
Food - Nuts,Seeds & Nuts
Food - Baking,Gluten-Free Desserts
Food - Baking,Sweeteners
Accessories,Travel Souvenirs
Food - Beverages,Herbal Tea
Food - Frozen Foods,Frozen Desserts
Kitchen,Blenders & Juicers
Kitchen,Small Appliances
Food - Dips,Salsa/Dips
Food - Snacks,Healthy Snacks
Pets,Dog Accessories
Food - Frozen Foods,Frozen Chicken Meals
Food - Nuts,Seeds & Nuts
Food - Condiments,BBQ Sauces
Food - Condiments,Dressing
Food - Bakery,Desserts
Food - Dairy,Yogurt
Kitchen,Baking Accessories
Outdoor,Garden Supplies
Fitness,Strength Training Equipment
Health,Oral Care & Hygiene
Accessories,Travel Souvenirs
Food - Baking & Cooking,Seasonings & Mixes
Food - Meat,Processed Meats
Kitchen,Coffee Equipment
Food - Frozen Meals,Frozen Asian Meals
Food - Canned Goods,Soups & Broths
Photography,Smartphone Accessories
Fitness,Hydration Gear
Food - Snacks,Nut-Based Snacks
Kitchen,Barware
Kitchen,Baking Accessories
Food - Condiments,Sauces
Home,Home Fragrance & Accessories
Kitchen,Ice Cube Trays
Travel,Travel Accessories
Fitness,Wearable Technology
Office,Office Accessories
Garden,Indoor Gardening Supplies
Food - Bakery,Savory Snacks
Food - Dairy,Eggs
Computers,Input Devices
Food - Grains,Convenience Meal Kits
Kitchen,Cookware
Food - Snacks,Dried Fruits
Sports,Soccer
Food - Snacks,Savory Snacks
Home,Seasonal Home Decor
Health,Personal Care & Grooming
Clothing - Bottoms,Trousers
Food - Dairy Alternatives,Plant-Based Yogurt
Food - Snacks,Savory Snacks
