name,country
Gorczany LLC,France
"Moore, Toy and Mann",Macedonia
Watsica-Herzog,Sweden
Auer-Stokes,Indonesia
Shanahan Group,Sweden
"Stamm, Boyle and Romaguera",Greece
Collier and Sons,Russia
"Heathcote, McKenzie and Boyer",Japan
Homenick LLC,China
Predovic-Farrell,Russia
"Kiehn, Treutel and Yundt",Czech Republic
"Altenwerth, Zemlak and Keeling",China
Bahringer LLC,Peru
"Gislason, Marvin and Toy",Indonesia
Turner-Borer,Czech Republic
Reilly Group,Indonesia
Deckow-Becker,China
Moore-Feest,Mauritania
Mann Inc,Sierra Leone
Ratke and Sons,China
Beer and Sons,Indonesia
"Bosco, Leffler and Harris",Tanzania
Sawayn and Sons,China
O'Reilly-Dickens,Brazil
Hudson-Will,Brazil
"Muller, Spencer and Klein",Czech Republic
Schumm and Sons,China
Koepp LLC,Portugal
Schimmel Group,Russia
Goyette LLC,Japan
Schmidt-Sporer,Cambodia
Treutel-Littel,Afghanistan
"Ondricka, Larkin and Stark",France
"Lakin, Strosin and Prosacco",China
"Hahn, Fay and Bahringer",Indonesia
"Gislason, Kovacek and White",Brazil
"Armstrong, Fritsch and Abshire",Russia
Hayes and Sons,China
Lowe LLC,Indonesia
"Denesik, Walsh and Rutherford",Brazil
Franecki and Sons,Thailand
Goldner-Stracke,Bosnia and Herzegovina
"Mitchell, Carter and Fay",Venezuela
"Swift, Hermann and Romaguera",Dominican Republic
Christiansen and Sons,France
Wuckert LLC,Afghanistan
Ritchie Group,Serbia
Vandervort LLC,Indonesia
"Purdy, Schamberger and Kling",Poland
"Torp, Parker and O'Hara",China
Howe-Mills,Philippines
Simonis-Hansen,Philippines
Weimann LLC,Indonesia
Larkin-Schuster,Russia
"Cronin, Daniel and O'Connell",Lithuania
"Wehner, Little and Harris",Indonesia
Monahan Group,Vietnam
Murazik and Sons,Indonesia
"Little, Farrell and Konopelski",Macedonia
"Hickle, Jacobs and Feeney",Argentina
Koch-Wunsch,Mozambique
"McDermott, Beer and Spinka",China
Ratke-Lockman,China
"Graham, Baumbach and Stamm",Malta
Langworth-Witting,Peru
"Smitham, Breitenberg and Hoppe",Poland
"Waelchi, Emmerich and Bruen",Poland
Pouros-Walker,China
"Dietrich, O'Connell and Schneider",Brazil
Zemlak-Cronin,Indonesia
Hermiston-Bins,Canada
Kub-Thiel,Indonesia
"Zemlak, Hintz and Altenwerth",Brazil
"Champlin, Hilpert and Ebert",Poland
Gibson-Dibbert,Indonesia
Kassulke-Bradtke,Uzbekistan
Harvey Inc,France
Koepp-Prosacco,Vietnam
"Monahan, O'Conner and Deckow",Philippines
Powlowski and Sons,France
Torp Group,Czech Republic
"Bruen, O'Kon and Jacobs",Japan
"Murazik, Littel and Armstrong",Ukraine
Thompson-McGlynn,Portugal
Wisoky-Jenkins,Azerbaijan
Bernier-Leannon,Peru
"Koch, Zulauf and Mante",France
"Baumbach, Greenholt and Huels",China
Dietrich-Lowe,South Africa
Davis Inc,Kazakhstan
Kozey Group,Chile
"Mitchell, Schowalter and Senger",Bosnia and Herzegovina
"Grant, Lakin and Fadel",Ukraine
"Dietrich, Brown and Green",China
"Gerhold, Medhurst and Reilly",Somalia
"McClure, Moore and Fisher",France
"Aufderhar, Ondricka and Satterfield",Nepal
Kertzmann and Sons,China
"Christiansen, Abbott and Adams",Cyprus
Rosenbaum and Sons,China
